productId,productName,category,furnitureType,modelNumber,brandName,availability,steelGrade,topMaterial,frameMaterial,frameThickness,surfaceFinish,enclosureMaterial,color,corrosionResistanceLevel,loadCapacityKg,seatingCapacity,usageArea,recommendedFor,length_cm,width_cm,height_cm,weight_kg,maximumWeightRecommendation_kg,basePriceINR,discountPercentage,finalPriceINR,stockQuantity,rating,reviewsCount,salesCount,warrantyYears,productDescription,features,leadTimeDays,installationSupport,maintenanceRequired,countryOfOrigin,createdAt,type,category_clean,price_numeric,tags
PRD00001,Industrial SS Shelf Unit Slotted,Steel Furniture Works,Locker,SKSW-SF-3286,ShriKrishnaSteelWorks,Made to Order,Galvanized Steel,Mild Steel,MS Angle Iron,4.0mm,Mirror Finish,SS Sheet,Chrome,Medium,567,,Hospital,Storage,161,94.4,163.3,55,460.6,41500,21.2,32700,3,4.6,331,3472,3,"We are a leading manufacturer and supplier of Industrial SS Shelf Unit Slotted designed to meet the stringent requirements of modern industrial and commercial applications. Our products are fabricated using top-grade Galvanized Steel steel, ensuring maximum strength, durability, and corrosion resistance. The Mirror Finish finish provides an attractive appearance while protecting the surface from environmental damage. Every product is manufactured in accordance with industry quality standards and goes through multiple quality assurance checks before reaching the customer. Available in standard and custom configurations, our Industrial SS Shelf Unit Slotted can be tailored to match specific dimensional and functional requirements. ShriKrishnaSteelWorks is committed to delivering products on time with the highest degree of client satisfaction. Our responsive after-sales service and technical support team ensure your complete peace of mind post-purchase.","High strength, Anti-tip design, Easy maintenance, Long lasting, Load bearing capacity, Modular design",25,No,High,India,2025-07-16,Locker,Steel Furniture,32700,"hospital,storage,lockable,modular,security,galvanised steel"
PRD00002,Heavy Duty Mild Steel Cabinet Double Door,Steel Furniture Works,Almirah,SKSW-SF-2291,ShriKrishnaSteelWorks,In Stock,SS 201,Powder Coated Steel,MS Angle Iron,2.5mm,Matte Finish,SS Sheet,Golden,High,131,,Home,Storage,128.4,70.8,188.5,26.2,103.3,40000,19,32400,349,4.5,355,4385,2,"ShriKrishnaSteelWorks takes pride in offering premium quality Heavy Duty Mild Steel Cabinet Double Door that stands out for its robust construction and refined aesthetics. Crafted from high-grade SS 201 steel with a Matte Finish treatment, this product delivers outstanding performance across diverse applications. The precision engineering and meticulous welding ensure structural integrity under heavy load conditions. Ideal for Home environments, this unit is designed to withstand rigorous daily usage while maintaining its pristine appearance. We understand the unique demands of industrial and commercial clients, which is why we offer tailor-made customization to perfectly align with your space and operational requirements. Our experienced fabrication team uses state-of-the-art machinery to produce consistent, high-quality results. We guarantee timely delivery at competitive pricing with complete installation support available on request.","Modular design, Customizable, Load bearing capacity, Powder coated finish, High strength, Easy maintenance, Unique design, Long lasting",23,No,Medium,India,2025-04-05,Almirah,Steel Furniture,32400,"residential,heavy-duty,storage,modular,steel"
PRD00003,Premium GI Almirah Slotted,Steel Furniture Works,Storage Unit,SKSW-SF-7482,ShriKrishnaSteelWorks,Made to Order,Carbon Steel,Toughened Glass,MS Round Pipe,2.0mm,Powder Coated,Acrylic Sheet,Blue Grey,Medium,648,,Industrial,Document Filing,131.9,49.7,219.5,65.1,468.3,11200,22.2,8700,78,4.4,869,4895,1,"Presenting the Premium GI Almirah Slotted from ShriKrishnaSteelWorks � a perfect blend of strength, style, and functionality for professional use. Made from premium Carbon Steel stainless steel, this product offers excellent resistance to rust, corrosion, and mechanical stress, making it ideal for long-term use in Industrial settings. The precision-cut components and expert welding result in a structurally sound and visually appealing unit. With a Powder Coated surface finish, the product maintains its brilliance and hygiene with minimal maintenance effort. Customization in terms of dimensions, color, and configuration is readily available for bulk orders. We are committed to providing value-for-money solutions with uncompromised quality and on-time delivery. Our clientele across hospitality, industrial, and institutional sectors trusts ShriKrishnaSteelWorks for consistent excellence.","Rust proof, Heavy gauge steel, Powder coated finish, Customizable, Adjustable shelves, Unique design, Long lasting, Easy maintenance",44,No,Low,India,2025-07-31,Almirah,Steel Furniture,8700,"industrial,heavy-duty,storage,adjustable,powder-coated,steel"
PRD00004,Standard MS Table Single Door,Steel Furniture Works,Shelf,SKSW-SF-9201,ShriKrishnaSteelWorks,Made to Order,Galvanized Steel,Mild Steel,MS Round Pipe,6.0mm,Hot Dip Galvanized,Perforated Sheet,Matte Black,Medium,215,,Hospital,Document Filing,225.3,83.9,122.8,20.5,170,45300,9.8,40900,123,4.8,166,711,5,"Our organization is widely reputed in providing Standard MS Table Single Door to our esteemed customers across India. The combination of elegant design, excellent texture and immaculate finishing makes this range one of the best available in the market today. Manufactured using premium quality Galvanized Steel stainless steel, this product ensures exceptional durability and longevity even in demanding industrial environments. The Hot Dip Galvanized surface treatment not only enhances the aesthetic appeal but also provides superior protection against corrosion and daily wear. Each unit undergoes rigorous quality checks to meet the highest industry standards before dispatch. We offer full customization options including size, finish, and configuration as per client requirements. Our dedicated team ensures timely delivery and post-sales support to guarantee complete client satisfaction. Trust ShriKrishnaSteelWorks for products that combine functionality with superior craftsmanship.","Anti-tip design, Corrosion resistant, Space saving, Load bearing capacity, Heavy gauge steel, Powder coated finish, Adjustable shelves, Rust proof, Customizable",16,Yes,High,India,2025-08-09,Shelf,Steel Furniture,40900,"hospital,heavy-duty,storage,adjustable,galvanised steel"
PRD00005,Standard Stainless Steel Table Fixed,Steel Furniture Works,Rack,SKSW-SF-5061,ShriKrishnaSteelWorks,In Stock,SS 430,Stainless Steel,MS Angle Iron,6.0mm,Powder Coated,Tempered Glass,Golden,Low,774,,Laboratory,Office Use,72.1,32.8,92.8,65.6,595.7,68600,9.3,62200,67,4.6,1174,4730,5,"ShriKrishnaSteelWorks takes pride in offering premium quality Standard Stainless Steel Table Fixed that stands out for its robust construction and refined aesthetics. Crafted from high-grade SS 430 steel with a Powder Coated treatment, this product delivers outstanding performance across diverse applications. The precision engineering and meticulous welding ensure structural integrity under heavy load conditions. Ideal for Laboratory environments, this unit is designed to withstand rigorous daily usage while maintaining its pristine appearance. We understand the unique demands of industrial and commercial clients, which is why we offer tailor-made customization to perfectly align with your space and operational requirements. Our experienced fabrication team uses state-of-the-art machinery to produce consistent, high-quality results. We guarantee timely delivery at competitive pricing with complete installation support available on request.","Anti-tip design, Modular design, High strength, Long lasting, Load bearing capacity, Space saving, Easy maintenance, Adjustable shelves",32,Yes,High,India,2026-01-31,Shelf,Steel Furniture,62200,"office,storage,adjustable,modular,powder-coated,steel"
PRD00006,Industrial SS Wall Rack Bolted,Steel Furniture Works,Rack,SKSW-SF-5073,ShriKrishnaSteelWorks,In Stock,Galvanized Steel,MS Sheet,SS 316 Pipe,4.0mm,Brushed Finish,Expanded Metal,Grey,Medium,127,,Industrial,Document Filing,77.6,88.7,132.7,9.7,91.9,36000,8.3,33000,248,4.2,826,490,2,"Presenting the Industrial SS Wall Rack Bolted from ShriKrishnaSteelWorks � a perfect blend of strength, style, and functionality for professional use. Made from premium Galvanized Steel stainless steel, this product offers excellent resistance to rust, corrosion, and mechanical stress, making it ideal for long-term use in Industrial settings. The precision-cut components and expert welding result in a structurally sound and visually appealing unit. With a Brushed Finish surface finish, the product maintains its brilliance and hygiene with minimal maintenance effort. Customization in terms of dimensions, color, and configuration is readily available for bulk orders. We are committed to providing value-for-money solutions with uncompromised quality and on-time delivery. Our clientele across hospitality, industrial, and institutional sectors trusts ShriKrishnaSteelWorks for consistent excellence.","Modular design, Customizable, Heavy gauge steel, Anti-tip design, Space saving",12,Yes,Medium,India,2025-06-22,Shelf,Steel Furniture,33000,"industrial,heavy-duty,storage,modular,galvanised steel"
PRD01430,Standard SS 304 Glass Railing Curved,SS Railing,Wall Mounted Railing,SKSW-SR-9811,ShriKrishnaSteelWorks,Made to Order,GI Steel,Granite Top,MS Round Pipe,8.0mm,Matte Finish,MS Sheet,Blue Grey,Medium,143,,Home,Aesthetic Enhancement,231.4,6.7,113.3,18.1,112,68200,9.6,61700,377,3.7,1037,390,5,"ShriKrishnaSteelWorks takes pride in offering premium quality Standard SS 304 Glass Railing Curved that stands out for its robust construction and refined aesthetics. Crafted from high-grade GI Steel steel with a Matte Finish treatment, this product delivers outstanding performance across diverse applications. The precision engineering and meticulous welding ensure structural integrity under heavy load conditions. Ideal for Home environments, this unit is designed to withstand rigorous daily usage while maintaining its pristine appearance. We understand the unique demands of industrial and commercial clients, which is why we offer tailor-made customization to perfectly align with your space and operational requirements. Our experienced fabrication team uses state-of-the-art machinery to produce consistent, high-quality results. We guarantee timely delivery at competitive pricing with complete installation support available on request.","Welded joints, High tensile strength, Customizable length, Easy installation, Corrosion resistant, Mirror finish, UV resistant",14,No,High,India,2025-09-09,Railing,Fabrication,61700,"residential,security,steel,welded"
PRD01431,Premium SS 304 Deck Railing with Glass Infill,SS Railing,Glass Railing,SKSW-SR-8981,ShriKrishnaSteelWorks,Made to Order,SS 202,Wooden Top,MS Square Pipe,1.5mm,Satin Finish,Perforated Sheet,Copper,Low,495,,Industrial,Structural Support,371.1,9.2,103.2,32.4,418.6,25300,14.3,21700,238,3.7,1176,4179,3,"Presenting the Premium SS 304 Deck Railing with Glass Infill from ShriKrishnaSteelWorks � a perfect blend of strength, style, and functionality for professional use. Made from premium SS 202 stainless steel, this product offers excellent resistance to rust, corrosion, and mechanical stress, making it ideal for long-term use in Industrial settings. The precision-cut components and expert welding result in a structurally sound and visually appealing unit. With a Satin Finish surface finish, the product maintains its brilliance and hygiene with minimal maintenance effort. Customization in terms of dimensions, color, and configuration is readily available for bulk orders. We are committed to providing value-for-money solutions with uncompromised quality and on-time delivery. Our clientele across hospitality, industrial, and institutional sectors trusts ShriKrishnaSteelWorks for consistent excellence.","Modern design, Easy installation, High tensile strength, UV resistant, Low maintenance",21,Yes,High,India,2025-09-14,Railing,Fabrication,21700,"industrial,security,steel,welded"
PRD01432,Industrial Stainless Steel Deck Railing Curved,SS Railing,Safety Barrier,SKSW-SR-8154,ShriKrishnaSteelWorks,Made to Order,SS 201,PVC Coated Steel,Hollow Section Steel,1.5mm,PVD Coated,Expanded Metal,White,High,728,,Hotel,Pool Safety,146.7,10,112.6,34.2,513.1,39600,20.1,31600,305,3.5,1118,537,1,"Our organization is widely reputed in providing Industrial Stainless Steel Deck Railing Curved to our esteemed customers across India. The combination of elegant design, excellent texture and immaculate finishing makes this range one of the best available in the market today. Manufactured using premium quality SS 201 stainless steel, this product ensures exceptional durability and longevity even in demanding industrial environments. The PVD Coated surface treatment not only enhances the aesthetic appeal but also provides superior protection against corrosion and daily wear. Each unit undergoes rigorous quality checks to meet the highest industry standards before dispatch. We offer full customization options including size, finish, and configuration as per client requirements. Our dedicated team ensures timely delivery and post-sales support to guarantee complete client satisfaction. Trust ShriKrishnaSteelWorks for products that combine functionality with superior craftsmanship.","Corrosion resistant, Anti-skid, Elegant appearance, Welded joints, Easy installation",36,Yes,High,India,2025-09-28,Railing,Fabrication,31600,"office,security,steel,welded"
PRD01433,Industrial Mirror Finish Deck Railing with Glass Infill,SS Railing,Staircase Railing,SKSW-SR-9847,ShriKrishnaSteelWorks,In Stock,SS 304,Wooden Top,SS 316 Pipe,2.0mm,Hairline Finish,SS Sheet,Blue Grey,Low,303,,Hotel,Pool Safety,437,6.6,119.2,24.4,234.2,56400,10.3,50600,355,4,585,2329,5,"ShriKrishnaSteelWorks takes pride in offering premium quality Industrial Mirror Finish Deck Railing with Glass Infill that stands out for its robust construction and refined aesthetics. Crafted from high-grade SS 304 steel with a Hairline Finish treatment, this product delivers outstanding performance across diverse applications. The precision engineering and meticulous welding ensure structural integrity under heavy load conditions. Ideal for Hotel environments, this unit is designed to withstand rigorous daily usage while maintaining its pristine appearance. We understand the unique demands of industrial and commercial clients, which is why we offer tailor-made customization to perfectly align with your space and operational requirements. Our experienced fabrication team uses state-of-the-art machinery to produce consistent, high-quality results. We guarantee timely delivery at competitive pricing with complete installation support available on request.","Welded joints, Anti-skid, Durable construction, Customizable length, High tensile strength, Low maintenance, Easy installation, Modern design",32,No,Low,India,2025-09-27,Railing,Fabrication,50600,"office,security,stainless steel,steel"
PRD01434,Custom Brushed Glass Railing Horizontal,SS Railing,Modular Railing,SKSW-SR-5273,ShriKrishnaSteelWorks,In Stock,SS 304,GI Sheet,MS Square Pipe,2.5mm,Electro Polished,Solid Panel,Brushed Silver,High,989,,Hotel,Structural Support,326.3,5.9,106.8,28.8,870.5,118100,24,89800,466,3.5,1013,4251,5,"ShriKrishnaSteelWorks is pleased to introduce its high-performance Custom Brushed Glass Railing Horizontal, engineered for superior functionality and durability in commercial and industrial environments. Constructed with SS 304 steel and treated with a Electro Polished finish, this unit offers excellent mechanical properties and corrosion protection. The ergonomic design ensures ease of use while optimizing space utilization for Hotel applications. Every product is inspected thoroughly for dimensional accuracy, finish quality, and structural soundness. We provide full customization services including bespoke sizing, finish options, and special configurations to meet unique project requirements. With a strong commitment to quality and timely delivery, ShriKrishnaSteelWorks has become a trusted name among architects, contractors, hotel groups, and industrial enterprises across India. Our after-sales support ensures long-term customer satisfaction and trouble-free operation.","Durable construction, Mirror finish, Customizable length, Welded joints, Elegant appearance",8,Yes,Medium,India,2025-06-22,Railing,Fabrication,89800,"office,security,stainless steel,steel"
PRD01435,Modular Brushed Balcony Railing with Glass Infill,SS Railing,Wall Mounted Railing,SKSW-SR-8835,ShriKrishnaSteelWorks,In Stock,SS 202,GI Sheet,SS 316 Pipe,2.0mm,Hairline Finish,MS Sheet,Brushed Silver,Low,424,,Industrial,Structural Support,498.5,12.7,116,26.8,348.5,32000,21,25300,94,4.8,1029,2091,1,"Renowned for its quality craftsmanship and material excellence, the Modular Brushed Balcony Railing with Glass Infill by ShriKrishnaSteelWorks is a benchmark product in its category. Utilizing high-tensile SS 202 steel with advanced Hairline Finish treatment, this product delivers exceptional performance under varied load and environmental conditions. Engineered for reliability and long service life, it serves as an ideal solution for Industrial installations requiring both functionality and aesthetic value. Our manufacturing process adheres to stringent quality protocols, ensuring each unit meets dimensional tolerances and finish standards consistently. We cater to both standard and customized orders with competitive lead times. Our expert technical team provides full support from product selection to installation, ensuring a seamless experience for every client. Choose ShriKrishnaSteelWorks for a product that combines industrial strength with refined finishing.","Customizable length, Modern design, Low maintenance, Corrosion resistant, Welded joints",18,Yes,Low,India,2025-12-16,Railing,Fabrication,25300,"industrial,modular,security,steel"
PRD02859,Service GI Kitchen Trolley Rectangular,Kitchen Trolleys,Storage Trolley,SKSW-KT-4478,ShriKrishnaSteelWorks,Made to Order,SS 316L,Granite Top,SS 316 Pipe,3.5mm,Matte Finish,MS Sheet,Grey,High,35,,Industrial,Hospitality Use,116.8,87.4,144.3,26.3,31.9,36300,17.8,29800,153,4,352,65,5,"Our organization is widely reputed in providing Service GI Kitchen Trolley Rectangular to our esteemed customers across India. The combination of elegant design, excellent texture and immaculate finishing makes this range one of the best available in the market today. Manufactured using premium quality SS 316L stainless steel, this product ensures exceptional durability and longevity even in demanding industrial environments. The Matte Finish surface treatment not only enhances the aesthetic appeal but also provides superior protection against corrosion and daily wear. Each unit undergoes rigorous quality checks to meet the highest industry standards before dispatch. We offer full customization options including size, finish, and configuration as per client requirements. Our dedicated team ensures timely delivery and post-sales support to guarantee complete client satisfaction. Trust ShriKrishnaSteelWorks for products that combine functionality with superior craftsmanship.","Smooth rolling casters, Stainless steel construction, Durable, Compact design, Multi-tier storage, Heavy duty, Easy to clean, Rust resistant, Locking wheels",23,Yes,Low,India,2026-02-27,Cabinet,Fabrication,29800,"hospital,heavy-duty,storage,lockable,steel"
PRD02860,Multipurpose MS Service Cart Folding,Kitchen Trolleys,Kitchen Trolley,SKSW-KT-4418,ShriKrishnaSteelWorks,In Stock,GI Steel,MS Sheet,ERW Pipe,6.0mm,Mirror Finish,SS Sheet,Copper,Medium,161,,Canteen,Hospitality Use,50.3,71.6,112,13.5,113,15200,6,14300,422,4.4,136,2855,3,"Presenting the Multipurpose MS Service Cart Folding from ShriKrishnaSteelWorks � a perfect blend of strength, style, and functionality for professional use. Made from premium GI Steel stainless steel, this product offers excellent resistance to rust, corrosion, and mechanical stress, making it ideal for long-term use in Canteen settings. The precision-cut components and expert welding result in a structurally sound and visually appealing unit. With a Mirror Finish surface finish, the product maintains its brilliance and hygiene with minimal maintenance effort. Customization in terms of dimensions, color, and configuration is readily available for bulk orders. We are committed to providing value-for-money solutions with uncompromised quality and on-time delivery. Our clientele across hospitality, industrial, and institutional sectors trusts ShriKrishnaSteelWorks for consistent excellence.","Durable, Rust resistant, Smooth rolling casters, Food grade material, Ergonomic handle, Heavy duty, Easy to clean, Stainless steel construction",23,Yes,High,India,2026-02-19,Cabinet,Fabrication,14300,"hospital,heavy-duty,storage,foldable,steel"
PRD02861,Catering SS 304 Kitchen Trolley with Drawers,Kitchen Trolleys,Waste Trolley,SKSW-KT-5648,ShriKrishnaSteelWorks,Made to Order,Carbon Steel,PVC Coated Steel,SS 304 Pipe,3.0mm,Mirror Finish,Wire Mesh,Grey,Low,176,,Canteen,Transportation of Goods,89,55,137.2,10.2,140.7,21400,11.7,18900,241,4,416,4946,3,"ShriKrishnaSteelWorks takes pride in offering premium quality Catering SS 304 Kitchen Trolley with Drawers that stands out for its robust construction and refined aesthetics. Crafted from high-grade Carbon Steel steel with a Mirror Finish treatment, this product delivers outstanding performance across diverse applications. The precision engineering and meticulous welding ensure structural integrity under heavy load conditions. Ideal for Canteen environments, this unit is designed to withstand rigorous daily usage while maintaining its pristine appearance. We understand the unique demands of industrial and commercial clients, which is why we offer tailor-made customization to perfectly align with your space and operational requirements. Our experienced fabrication team uses state-of-the-art machinery to produce consistent, high-quality results. We guarantee timely delivery at competitive pricing with complete installation support available on request.","Locking wheels, Stainless steel construction, Smooth rolling casters, Multi-tier storage, Lightweight, Rust resistant, Ergonomic handle, Compact design",18,Yes,High,India,2026-02-24,Cabinet,Fabrication,18900,"indoor,storage,lockable,steel"
PRD02862,Service Stainless Steel Service Cart 3 Shelf,Kitchen Trolleys,Linen Trolley,SKSW-KT-6769,ShriKrishnaSteelWorks,Made to Order,SS 201,Toughened Glass,Hollow Section Steel,1.5mm,Matte Finish,Expanded Metal,Grey,High,129,,Canteen,Catering,56.8,89.1,104.4,24.2,101.9,42300,11.2,37600,113,4.8,499,3151,1,"Renowned for its quality craftsmanship and material excellence, the Service Stainless Steel Service Cart 3 Shelf by ShriKrishnaSteelWorks is a benchmark product in its category. Utilizing high-tensile SS 201 steel with advanced Matte Finish treatment, this product delivers exceptional performance under varied load and environmental conditions. Engineered for reliability and long service life, it serves as an ideal solution for Canteen installations requiring both functionality and aesthetic value. Our manufacturing process adheres to stringent quality protocols, ensuring each unit meets dimensional tolerances and finish standards consistently. We cater to both standard and customized orders with competitive lead times. Our expert technical team provides full support from product selection to installation, ensuring a seamless experience for every client. Choose ShriKrishnaSteelWorks for a product that combines industrial strength with refined finishing.","Durable, Rust resistant, Compact design, Locking wheels, Stainless steel construction, Easy to clean, Smooth rolling casters, Heavy duty",21,No,Medium,India,2025-07-28,Cabinet,Fabrication,37600,"indoor,heavy-duty,storage,lockable,steel"
PRD02863,Utility GI Utility Trolley Folding,Kitchen Trolleys,Linen Trolley,SKSW-KT-1414,ShriKrishnaSteelWorks,Made to Order,SS 430,Toughened Glass,SS 316 Pipe,1.5mm,Galvanized,Wire Mesh,Silver,High,124,,Hotel,Hospitality Use,70,62.8,123.1,27.9,111.8,36600,21.2,28800,442,3.6,1074,758,2,"ShriKrishnaSteelWorks is pleased to introduce its high-performance Utility GI Utility Trolley Folding, engineered for superior functionality and durability in commercial and industrial environments. Constructed with SS 430 steel and treated with a Galvanized finish, this unit offers excellent mechanical properties and corrosion protection. The ergonomic design ensures ease of use while optimizing space utilization for Hotel applications. Every product is inspected thoroughly for dimensional accuracy, finish quality, and structural soundness. We provide full customization services including bespoke sizing, finish options, and special configurations to meet unique project requirements. With a strong commitment to quality and timely delivery, ShriKrishnaSteelWorks has become a trusted name among architects, contractors, hotel groups, and industrial enterprises across India. Our after-sales support ensures long-term customer satisfaction and trouble-free operation.","Food grade material, Compact design, Ergonomic handle, Rust resistant, Smooth rolling casters",45,Yes,Medium,India,2026-02-18,Cabinet,Fabrication,28800,"hospital,storage,foldable,steel"
PRD02864,Catering MS Service Cart 2 Shelf,Kitchen Trolleys,Linen Trolley,SKSW-KT-1673,ShriKrishnaSteelWorks,Made to Order,SS 202,Mild Steel,MS Angle Iron,6.0mm,Electro Polished,MS Sheet,White,High,63,,Hotel,Storage,48.4,53.4,99,45.9,58,4800,12.3,4200,44,4.6,569,4969,2,"ShriKrishnaSteelWorks takes pride in offering premium quality Catering MS Service Cart 2 Shelf that stands out for its robust construction and refined aesthetics. Crafted from high-grade SS 202 steel with a Electro Polished treatment, this product delivers outstanding performance across diverse applications. The precision engineering and meticulous welding ensure structural integrity under heavy load conditions. Ideal for Hotel environments, this unit is designed to withstand rigorous daily usage while maintaining its pristine appearance. We understand the unique demands of industrial and commercial clients, which is why we offer tailor-made customization to perfectly align with your space and operational requirements. Our experienced fabrication team uses state-of-the-art machinery to produce consistent, high-quality results. We guarantee timely delivery at competitive pricing with complete installation support available on request.","Compact design, Ergonomic handle, Easy to clean, Stainless steel construction, Heavy duty, Smooth rolling casters, Durable, Multi-tier storage, Food grade material",25,Yes,Low,India,2026-02-11,Cabinet,Fabrication,4200,"office,heavy-duty,storage,steel"
PRD05717,Designer GI Coated Side Table Double,Hotel Furnitures,Wardrobe,SKSW-HF-8808,ShriKrishnaSteelWorks,In Stock,SS 316,Stainless Steel,MS C-Channel,8.0mm,Electro Polished,Perforated Sheet,Chrome,Low,587,4,Club,Guest Accommodation,128.2,111.8,67.3,71.2,539.8,132300,7.8,122000,448,4.5,743,2104,3,"ShriKrishnaSteelWorks is pleased to introduce its high-performance Designer GI Coated Side Table Double, engineered for superior functionality and durability in commercial and industrial environments. Constructed with SS 316 steel and treated with a Electro Polished finish, this unit offers excellent mechanical properties and corrosion protection. The ergonomic design ensures ease of use while optimizing space utilization for Club applications. Every product is inspected thoroughly for dimensional accuracy, finish quality, and structural soundness. We provide full customization services including bespoke sizing, finish options, and special configurations to meet unique project requirements. With a strong commitment to quality and timely delivery, ShriKrishnaSteelWorks has become a trusted name among architects, contractors, hotel groups, and industrial enterprises across India. Our after-sales support ensures long-term customer satisfaction and trouble-free operation.","Elegant design, Hygienic surface, Easy maintenance, Customizable, Premium finish, Corrosion resistant, Heavy load capacity, Long lasting, Modern aesthetics",27,No,Low,India,2026-02-16,Almirah,Steel Furniture,122000,"indoor,heavy-duty,storage,modern,steel"
PRD05718,Premium Stainless Steel Bar Counter Double,Hotel Furnitures,Wardrobe,SKSW-HF-1710,ShriKrishnaSteelWorks,In Stock,SS 304,Powder Coated Steel,MS Square Pipe,2.5mm,Powder Coated,SS Sheet,Copper,High,168,,Resort,Guest Accommodation,244.1,73,151.1,139.7,130.5,22500,24.9,16900,369,3.8,87,1862,2,"ShriKrishnaSteelWorks is pleased to introduce its high-performance Premium Stainless Steel Bar Counter Double, engineered for superior functionality and durability in commercial and industrial environments. Constructed with SS 304 steel and treated with a Powder Coated finish, this unit offers excellent mechanical properties and corrosion protection. The ergonomic design ensures ease of use while optimizing space utilization for Resort applications. Every product is inspected thoroughly for dimensional accuracy, finish quality, and structural soundness. We provide full customization services including bespoke sizing, finish options, and special configurations to meet unique project requirements. With a strong commitment to quality and timely delivery, ShriKrishnaSteelWorks has become a trusted name among architects, contractors, hotel groups, and industrial enterprises across India. Our after-sales support ensures long-term customer satisfaction and trouble-free operation.","Heavy load capacity, Comfortable seating, Hygienic surface, Durable construction, Easy maintenance, Long lasting, Premium finish, Customizable, Elegant design",34,Yes,High,India,2026-02-17,Almirah,Steel Furniture,16900,"indoor,heavy-duty,storage,powder-coated,stainless steel"
PRD05719,Contemporary MS Reception Desk Queen Size,Hotel Furnitures,Hotel Bed Frame,SKSW-HF-3049,ShriKrishnaSteelWorks,In Stock,GI Steel,MS Sheet,MS Square Pipe,2.0mm,Satin Finish,GI Sheet,Golden,High,512,10,Banquet Hall,Guest Accommodation,228.9,86.9,195.9,76.3,387.9,72100,12.3,63200,400,4,426,1278,1,"We are a leading manufacturer and supplier of Contemporary MS Reception Desk Queen Size designed to meet the stringent requirements of modern industrial and commercial applications. Our products are fabricated using top-grade GI Steel steel, ensuring maximum strength, durability, and corrosion resistance. The Satin Finish finish provides an attractive appearance while protecting the surface from environmental damage. Every product is manufactured in accordance with industry quality standards and goes through multiple quality assurance checks before reaching the customer. Available in standard and custom configurations, our Contemporary MS Reception Desk Queen Size can be tailored to match specific dimensional and functional requirements. ShriKrishnaSteelWorks is committed to delivering products on time with the highest degree of client satisfaction. Our responsive after-sales service and technical support team ensure your complete peace of mind post-purchase.","Premium finish, Heavy load capacity, Scratch resistant, Elegant design, Durable construction, Hygienic surface, Easy maintenance, Customizable",5,Yes,High,India,2025-11-17,Bench,Steel Furniture,63200,"indoor,heavy-duty,modern,steel"
PRD05720,Luxury Stainless Steel Side Table 8 Seater,Hotel Furnitures,Room Divider,SKSW-HF-9863,ShriKrishnaSteelWorks,In Stock,Carbon Steel,Granite Top,SS Box Section,5.0mm,Hairline Finish,GI Sheet,Blue Grey,Medium,67,10,Banquet Hall,Dining,297.1,189.1,85.7,76,50.7,138100,7.5,127700,3,3.7,412,4581,1,"Presenting the Luxury Stainless Steel Side Table 8 Seater from ShriKrishnaSteelWorks � a perfect blend of strength, style, and functionality for professional use. Made from premium Carbon Steel stainless steel, this product offers excellent resistance to rust, corrosion, and mechanical stress, making it ideal for long-term use in Banquet Hall settings. The precision-cut components and expert welding result in a structurally sound and visually appealing unit. With a Hairline Finish surface finish, the product maintains its brilliance and hygiene with minimal maintenance effort. Customization in terms of dimensions, color, and configuration is readily available for bulk orders. We are committed to providing value-for-money solutions with uncompromised quality and on-time delivery. Our clientele across hospitality, industrial, and institutional sectors trusts ShriKrishnaSteelWorks for consistent excellence.","Durable construction, Hygienic surface, Premium finish, Easy maintenance, Heavy load capacity, Elegant design, Comfortable seating, Modern aesthetics",9,No,Medium,India,2025-09-14,Partition,Steel Furniture,127700,"indoor,heavy-duty,modern,steel"
PRD05721,Designer GI Coated Bar Counter Double,Hotel Furnitures,Wardrobe,SKSW-HF-9653,ShriKrishnaSteelWorks,Made to Order,SS 304,Aluminium Composite,MS Round Pipe,4.0mm,Satin Finish,SS Sheet,Silver,High,172,,Resort,Dining,107.6,74.4,153.8,123.1,133.7,30200,24.9,22700,241,3.8,571,2675,1,"ShriKrishnaSteelWorks is pleased to introduce its high-performance Designer GI Coated Bar Counter Double, engineered for superior functionality and durability in commercial and industrial environments. Constructed with SS 304 steel and treated with a Satin Finish finish, this unit offers excellent mechanical properties and corrosion protection. The ergonomic design ensures ease of use while optimizing space utilization for Resort applications. Every product is inspected thoroughly for dimensional accuracy, finish quality, and structural soundness. We provide full customization services including bespoke sizing, finish options, and special configurations to meet unique project requirements. With a strong commitment to quality and timely delivery, ShriKrishnaSteelWorks has become a trusted name among architects, contractors, hotel groups, and industrial enterprises across India. Our after-sales support ensures long-term customer satisfaction and trouble-free operation.","Comfortable seating, Scratch resistant, Corrosion resistant, Modern aesthetics, Long lasting, Durable construction",6,No,Low,India,2025-07-16,Almirah,Steel Furniture,22700,"indoor,storage,modern,stainless steel"
PRD05722,Premium SS 304 Reception Desk Single,Hotel Furnitures,Lobby Bench,SKSW-HF-7634,ShriKrishnaSteelWorks,In Stock,SS 202,PVC Coated Steel,MS Square Pipe,3.5mm,Hot Dip Galvanized,Solid Panel,Chrome,Medium,207,6,Hotel,Banquet Service,194.3,155.5,190,51.4,154.2,47700,15.7,40200,112,4.7,96,3437,2,"ShriKrishnaSteelWorks is pleased to introduce its high-performance Premium SS 304 Reception Desk Single, engineered for superior functionality and durability in commercial and industrial environments. Constructed with SS 202 steel and treated with a Hot Dip Galvanized finish, this unit offers excellent mechanical properties and corrosion protection. The ergonomic design ensures ease of use while optimizing space utilization for Hotel applications. Every product is inspected thoroughly for dimensional accuracy, finish quality, and structural soundness. We provide full customization services including bespoke sizing, finish options, and special configurations to meet unique project requirements. With a strong commitment to quality and timely delivery, ShriKrishnaSteelWorks has become a trusted name among architects, contractors, hotel groups, and industrial enterprises across India. Our after-sales support ensures long-term customer satisfaction and trouble-free operation.","Comfortable seating, Easy maintenance, Scratch resistant, Elegant design, Customizable, Durable construction, Long lasting",20,No,High,India,2025-04-11,Bench,Steel Furniture,40200,"office,steel,indoor,residential"
PRD07145,Outdoor Galvanized Steel Monkey Bar Multi Activity,Park Instruments,Monkey Bar,SKSW-PI-9505,ShriKrishnaSteelWorks,Made to Order,SS 201,Toughened Glass,SS Box Section,2.0mm,Satin Finish,Expanded Metal,Grey,Low,969,,Residential Complex,Community Use,292.8,240.2,157.9,30.3,687.4,34000,12.2,29900,36,4.3,237,2170,5,"Our organization is widely reputed in providing Outdoor Galvanized Steel Monkey Bar Multi Activity to our esteemed customers across India. The combination of elegant design, excellent texture and immaculate finishing makes this range one of the best available in the market today. Manufactured using premium quality SS 201 stainless steel, this product ensures exceptional durability and longevity even in demanding industrial environments. The Satin Finish surface treatment not only enhances the aesthetic appeal but also provides superior protection against corrosion and daily wear. Each unit undergoes rigorous quality checks to meet the highest industry standards before dispatch. We offer full customization options including size, finish, and configuration as per client requirements. Our dedicated team ensures timely delivery and post-sales support to guarantee complete client satisfaction. Trust ShriKrishnaSteelWorks for products that combine functionality with superior craftsmanship.","Durable, Smooth edges, Weather resistant, Heavy gauge MS, Bright colors available, Powder coated, Easy installation, Anti-rust treatment, Galvanized steel",6,Yes,Medium,India,2025-10-22,Frame,Fabrication,29900,"residential,heavy-duty,weather-resistant,steel"
PRD07146,Children Mild Steel Park Bench Standard,Park Instruments,Gazebo,SKSW-PI-1351,ShriKrishnaSteelWorks,In Stock,SS 430,Granite Top,SS 304 Pipe,2.5mm,Galvanized,Perforated Sheet,Silver,Low,330,,School,Recreation,176.6,214.5,380.2,165,297.3,22000,9.6,19900,357,3.6,340,4825,2,"Presenting the Children Mild Steel Park Bench Standard from ShriKrishnaSteelWorks � a perfect blend of strength, style, and functionality for professional use. Made from premium SS 430 stainless steel, this product offers excellent resistance to rust, corrosion, and mechanical stress, making it ideal for long-term use in School settings. The precision-cut components and expert welding result in a structurally sound and visually appealing unit. With a Galvanized surface finish, the product maintains its brilliance and hygiene with minimal maintenance effort. Customization in terms of dimensions, color, and configuration is readily available for bulk orders. We are committed to providing value-for-money solutions with uncompromised quality and on-time delivery. Our clientele across hospitality, industrial, and institutional sectors trusts ShriKrishnaSteelWorks for consistent excellence.","Powder coated, Heavy gauge MS, Bright colors available, Smooth edges, Low maintenance, UV resistant paint",5,Yes,High,India,2025-09-11,Canopy,Fabrication,19900,"school,heavy-duty,steel,outdoor"
PRD07147,Powder Coated Mild Steel Monkey Bar 2-in-1,Park Instruments,Swing Set,SKSW-PI-7129,ShriKrishnaSteelWorks,In Stock,GI Steel,Toughened Glass,SS Box Section,8.0mm,Electro Polished,Expanded Metal,White,High,276,4,Municipality,Community Use,373.9,140.3,172.7,87.2,195.1,37800,8.4,34600,53,3.8,1096,1889,2,"ShriKrishnaSteelWorks takes pride in offering premium quality Powder Coated Mild Steel Monkey Bar 2-in-1 that stands out for its robust construction and refined aesthetics. Crafted from high-grade GI Steel steel with a Electro Polished treatment, this product delivers outstanding performance across diverse applications. The precision engineering and meticulous welding ensure structural integrity under heavy load conditions. Ideal for Municipality environments, this unit is designed to withstand rigorous daily usage while maintaining its pristine appearance. We understand the unique demands of industrial and commercial clients, which is why we offer tailor-made customization to perfectly align with your space and operational requirements. Our experienced fabrication team uses state-of-the-art machinery to produce consistent, high-quality results. We guarantee timely delivery at competitive pricing with complete installation support available on request.","Child safe design, Galvanized steel, UV resistant paint, Anti-rust treatment, Smooth edges, Heavy gauge MS",18,Yes,Medium,India,2025-08-20,Frame,Fabrication,34600,"indoor,heavy-duty,steel,industrial"
PRD07148,Anti-Rust GI Gazebo with Canopy,Park Instruments,Dustbin Stand,SKSW-PI-6374,ShriKrishnaSteelWorks,Made to Order,SS 202,Stainless Steel,Hollow Section Steel,2.0mm,Brushed Finish,Acrylic Sheet,Chrome,High,110,,Resort,Outdoor Fitness,368,257.5,307.1,141.4,77.6,20900,19.6,16800,413,4.1,1032,2174,1,"ShriKrishnaSteelWorks is pleased to introduce its high-performance Anti-Rust GI Gazebo with Canopy, engineered for superior functionality and durability in commercial and industrial environments. Constructed with SS 202 steel and treated with a Brushed Finish finish, this unit offers excellent mechanical properties and corrosion protection. The ergonomic design ensures ease of use while optimizing space utilization for Resort applications. Every product is inspected thoroughly for dimensional accuracy, finish quality, and structural soundness. We provide full customization services including bespoke sizing, finish options, and special configurations to meet unique project requirements. With a strong commitment to quality and timely delivery, ShriKrishnaSteelWorks has become a trusted name among architects, contractors, hotel groups, and industrial enterprises across India. Our after-sales support ensures long-term customer satisfaction and trouble-free operation.","UV resistant paint, Easy installation, Smooth edges, Durable, Heavy gauge MS, Bright colors available, Weather resistant, Powder coated",43,Yes,High,India,2026-01-18,Frame,Fabrication,16800,"outdoor,heavy-duty,weather-resistant,steel"
PRD07149,Children Galvanized Steel Lamp Post Multi Activity,Park Instruments,Slide,SKSW-PI-4936,ShriKrishnaSteelWorks,Made to Order,Carbon Steel,Powder Coated Steel,Hollow Section Steel,8.0mm,Galvanized,Wire Mesh,Rose Gold,Low,851,4,Municipality,Recreation,139.8,61.6,291.3,189.3,725.6,19400,8.4,17800,23,4.5,841,3149,5,"Renowned for its quality craftsmanship and material excellence, the Children Galvanized Steel Lamp Post Multi Activity by ShriKrishnaSteelWorks is a benchmark product in its category. Utilizing high-tensile Carbon Steel steel with advanced Galvanized treatment, this product delivers exceptional performance under varied load and environmental conditions. Engineered for reliability and long service life, it serves as an ideal solution for Municipality installations requiring both functionality and aesthetic value. Our manufacturing process adheres to stringent quality protocols, ensuring each unit meets dimensional tolerances and finish standards consistently. We cater to both standard and customized orders with competitive lead times. Our expert technical team provides full support from product selection to installation, ensuring a seamless experience for every client. Choose ShriKrishnaSteelWorks for a product that combines industrial strength with refined finishing.","Bright colors available, Anti-rust treatment, Durable, Galvanized steel, Easy installation",7,Yes,High,India,2025-03-23,Frame,Fabrication,17800,"indoor,weather-resistant,steel,heavy-duty"
PRD07150,Galvanized MS Gazebo 2-in-1,Park Instruments,Lamp Post,SKSW-PI-1657,ShriKrishnaSteelWorks,In Stock,SS 202,Toughened Glass,MS Angle Iron,8.0mm,PVD Coated,Wire Mesh,White,Medium,578,,Resort,Outdoor Fitness,141.9,255.1,307.6,139.7,478.7,57500,22.9,44300,276,4.5,1180,800,3,"Renowned for its quality craftsmanship and material excellence, the Galvanized MS Gazebo 2-in-1 by ShriKrishnaSteelWorks is a benchmark product in its category. Utilizing high-tensile SS 202 steel with advanced PVD Coated treatment, this product delivers exceptional performance under varied load and environmental conditions. Engineered for reliability and long service life, it serves as an ideal solution for Resort installations requiring both functionality and aesthetic value. Our manufacturing process adheres to stringent quality protocols, ensuring each unit meets dimensional tolerances and finish standards consistently. We cater to both standard and customized orders with competitive lead times. Our expert technical team provides full support from product selection to installation, ensuring a seamless experience for every client. Choose ShriKrishnaSteelWorks for a product that combines industrial strength with refined finishing.","Powder coated, Child safe design, Smooth edges, UV resistant paint, Galvanized steel, Low maintenance, Easy installation, Durable, Weather resistant",26,No,Low,India,2025-05-31,Frame,Fabrication,44300,"outdoor,weather-resistant,steel,heavy-duty"
PRD08573,Modular Hot Rolled Staircase Bolted,Commercial Building Structures,Canopy Structure,SKSW-CB-5264,ShriKrishnaSteelWorks,In Stock,SS 202,Toughened Glass,SS Box Section,1.2mm,Hairline Finish,Perforated Sheet,Chrome,Medium,27322,,Industrial,Storage,556,875.4,774.4,1230.3,19750.6,372600,7.2,345800,339,4.2,405,4674,1,"Renowned for its quality craftsmanship and material excellence, the Modular Hot Rolled Staircase Bolted by ShriKrishnaSteelWorks is a benchmark product in its category. Utilizing high-tensile SS 202 steel with advanced Hairline Finish treatment, this product delivers exceptional performance under varied load and environmental conditions. Engineered for reliability and long service life, it serves as an ideal solution for Industrial installations requiring both functionality and aesthetic value. Our manufacturing process adheres to stringent quality protocols, ensuring each unit meets dimensional tolerances and finish standards consistently. We cater to both standard and customized orders with competitive lead times. Our expert technical team provides full support from product selection to installation, ensuring a seamless experience for every client. Choose ShriKrishnaSteelWorks for a product that combines industrial strength with refined finishing.","Cost effective, Anti-rust coated, Custom spans available, Fast installation, Corrosion resistant, Pre-engineered, High load bearing, Quality certified, Heavy duty structure",16,No,High,India,2025-05-05,Canopy,Fabrication,345800,"industrial,heavy-duty,modular,steel"
PRD08574,Heavy Duty GI Platform Bolted,Commercial Building Structures,Gate Frame,SKSW-CB-5366,ShriKrishnaSteelWorks,Made to Order,SS 316,MS Sheet,ERW Pipe,2.0mm,Galvanized,Expanded Metal,Golden,Medium,18092,,Commercial Complex,Storage,1386.7,1136.4,275.4,3914.8,16284.7,408600,13.7,352600,259,4.9,146,729,1,"Our organization is widely reputed in providing Heavy Duty GI Platform Bolted to our esteemed customers across India. The combination of elegant design, excellent texture and immaculate finishing makes this range one of the best available in the market today. Manufactured using premium quality SS 316 stainless steel, this product ensures exceptional durability and longevity even in demanding industrial environments. The Galvanized surface treatment not only enhances the aesthetic appeal but also provides superior protection against corrosion and daily wear. Each unit undergoes rigorous quality checks to meet the highest industry standards before dispatch. We offer full customization options including size, finish, and configuration as per client requirements. Our dedicated team ensures timely delivery and post-sales support to guarantee complete client satisfaction. Trust ShriKrishnaSteelWorks for products that combine functionality with superior craftsmanship.","Heavy duty structure, Corrosion resistant, Custom fabrication, Durable construction, Cost effective, High load bearing, Pre-engineered, Quality certified",9,No,High,India,2025-10-27,Gate,Fabrication,352600,"office,heavy-duty,security,steel"
PRD08575,Structural MS Modular Cabin Light Gauge,Commercial Building Structures,Canopy Structure,SKSW-CB-1638,ShriKrishnaSteelWorks,Made to Order,GI Steel,Granite Top,SS 304 Pipe,6.0mm,Galvanized,SS Sheet,Golden,High,2848,,Office,Commercial Purpose,1113.9,715.5,680.5,1754.7,2392,445400,15.1,378100,460,3.7,584,4046,2,"Renowned for its quality craftsmanship and material excellence, the Structural MS Modular Cabin Light Gauge by ShriKrishnaSteelWorks is a benchmark product in its category. Utilizing high-tensile GI Steel steel with advanced Galvanized treatment, this product delivers exceptional performance under varied load and environmental conditions. Engineered for reliability and long service life, it serves as an ideal solution for Office installations requiring both functionality and aesthetic value. Our manufacturing process adheres to stringent quality protocols, ensuring each unit meets dimensional tolerances and finish standards consistently. We cater to both standard and customized orders with competitive lead times. Our expert technical team provides full support from product selection to installation, ensuring a seamless experience for every client. Choose ShriKrishnaSteelWorks for a product that combines industrial strength with refined finishing.","Fast installation, Cost effective, Heavy duty structure, Anti-rust coated, High load bearing, Corrosion resistant, Durable construction, Quality certified",28,No,Low,India,2025-11-23,Canopy,Fabrication,378100,"office,heavy-duty,modular,steel"
PRD08576,Structural GI Storage Rack Heavy Gauge,Commercial Building Structures,Industrial Shed,SKSW-CB-4229,ShriKrishnaSteelWorks,In Stock,Galvanized Steel,PVC Coated Steel,MS Angle Iron,2.5mm,Brushed Finish,Acrylic Sheet,Silver,High,26417,,Office,Space Optimization,1742.6,1919.7,499.2,1462.9,24881.8,426200,22.7,329500,474,4.4,556,920,2,"Renowned for its quality craftsmanship and material excellence, the Structural GI Storage Rack Heavy Gauge by ShriKrishnaSteelWorks is a benchmark product in its category. Utilizing high-tensile Galvanized Steel steel with advanced Brushed Finish treatment, this product delivers exceptional performance under varied load and environmental conditions. Engineered for reliability and long service life, it serves as an ideal solution for Office installations requiring both functionality and aesthetic value. Our manufacturing process adheres to stringent quality protocols, ensuring each unit meets dimensional tolerances and finish standards consistently. We cater to both standard and customized orders with competitive lead times. Our expert technical team provides full support from product selection to installation, ensuring a seamless experience for every client. Choose ShriKrishnaSteelWorks for a product that combines industrial strength with refined finishing.","Custom fabrication, Pre-engineered, Cost effective, High load bearing, Quality certified, Heavy duty structure, Durable construction, Modular assembly, Corrosion resistant",23,No,High,India,2025-12-22,Fencing,Fabrication,329500,"office,heavy-duty,modular,security,galvanised steel"
PRD08577,Standard Hot Rolled Industrial Shed Customizable,Commercial Building Structures,Structural Column,SKSW-CB-1297,ShriKrishnaSteelWorks,Made to Order,SS 201,Granite Top,SS Box Section,1.5mm,Electro Polished,SS Sheet,Silver,High,49521,,Commercial Complex,Storage,2261.6,902,1176.1,578.6,41658.5,397600,24.6,299800,373,4.7,470,2304,5,"Renowned for its quality craftsmanship and material excellence, the Standard Hot Rolled Industrial Shed Customizable by ShriKrishnaSteelWorks is a benchmark product in its category. Utilizing high-tensile SS 201 steel with advanced Electro Polished treatment, this product delivers exceptional performance under varied load and environmental conditions. Engineered for reliability and long service life, it serves as an ideal solution for Commercial Complex installations requiring both functionality and aesthetic value. Our manufacturing process adheres to stringent quality protocols, ensuring each unit meets dimensional tolerances and finish standards consistently. We cater to both standard and customized orders with competitive lead times. Our expert technical team provides full support from product selection to installation, ensuring a seamless experience for every client. Choose ShriKrishnaSteelWorks for a product that combines industrial strength with refined finishing.","Custom spans available, High load bearing, Anti-rust coated, Cost effective, Corrosion resistant",14,Yes,Medium,India,2025-03-13,Frame,Fabrication,299800,"office,steel,heavy-duty,industrial"
PRD08578,Heavy Duty Mild Steel Modular Cabin Heavy Gauge,Commercial Building Structures,Gate Frame,SKSW-CB-6773,ShriKrishnaSteelWorks,In Stock,Galvanized Steel,Stainless Steel,MS C-Channel,1.5mm,Matte Finish,Solid Panel,Rose Gold,High,15192,,Commercial Complex,Space Optimization,1843.7,835.4,338.1,1824.2,12640.4,329300,9.4,298300,98,3.7,116,1925,1,"ShriKrishnaSteelWorks is pleased to introduce its high-performance Heavy Duty Mild Steel Modular Cabin Heavy Gauge, engineered for superior functionality and durability in commercial and industrial environments. Constructed with Galvanized Steel steel and treated with a Matte Finish finish, this unit offers excellent mechanical properties and corrosion protection. The ergonomic design ensures ease of use while optimizing space utilization for Commercial Complex applications. Every product is inspected thoroughly for dimensional accuracy, finish quality, and structural soundness. We provide full customization services including bespoke sizing, finish options, and special configurations to meet unique project requirements. With a strong commitment to quality and timely delivery, ShriKrishnaSteelWorks has become a trusted name among architects, contractors, hotel groups, and industrial enterprises across India. Our after-sales support ensures long-term customer satisfaction and trouble-free operation.","Heavy duty structure, Pre-engineered, High load bearing, Modular assembly, Anti-rust coated, Fast installation, Corrosion resistant, Quality certified",32,No,High,India,2025-12-11,Gate,Fabrication,298300,"office,heavy-duty,modular,security,galvanised steel"
PRD00002,Heavy Duty Mild Steel Cabinet Double Door,Home Steel Furnitures,Almirah,SKSW-SF-2291,ShriKrishnaSteelWorks,In Stock,SS 201,Powder Coated Steel,MS Angle Iron,2.5mm,Matte Finish,SS Sheet,Golden,High,131,,Home,Storage,128.4,70.8,188.5,26.2,103.3,40000,19,32400,349,4.5,355,4385,2,"ShriKrishnaSteelWorks takes pride in offering premium quality Heavy Duty Mild Steel Cabinet Double Door that stands out for its robust construction and refined aesthetics. Crafted from high-grade SS 201 steel with a Matte Finish treatment, this product delivers outstanding performance across diverse applications. The precision engineering and meticulous welding ensure structural integrity under heavy load conditions. Ideal for Home environments, this unit is designed to withstand rigorous daily usage while maintaining its pristine appearance. We understand the unique demands of industrial and commercial clients, which is why we offer tailor-made customization to perfectly align with your space and operational requirements. Our experienced fabrication team uses state-of-the-art machinery to produce consistent, high-quality results. We guarantee timely delivery at competitive pricing with complete installation support available on request.","Modular design, Customizable, Load bearing capacity, Powder coated finish, High strength, Easy maintenance, Unique design, Long lasting",23,No,Medium,India,2025-04-05,Almirah,Steel Furniture,32400,"residential,heavy-duty,storage,modular,steel"
PRD07157,Outdoor Mild Steel Gazebo Single Seater,Home Steel Furnitures,Bench,SKSW-PI-8372,ShriKrishnaSteelWorks,Made to Order,Carbon Steel,Granite Top,MS C-Channel,3.5mm,Hairline Finish,MS Sheet,Grey,High,84,2,Residential Complex,Recreation,389.3,138,302.4,102.7,61.3,28700,9.7,25900,25,4,502,259,3,"We are a leading manufacturer and supplier of Outdoor Mild Steel Gazebo Single Seater designed to meet the stringent requirements of modern industrial and commercial applications. Our products are fabricated using top-grade Carbon Steel steel, ensuring maximum strength, durability, and corrosion resistance. The Hairline Finish finish provides an attractive appearance while protecting the surface from environmental damage. Every product is manufactured in accordance with industry quality standards and goes through multiple quality assurance checks before reaching the customer. Available in standard and custom configurations, our Outdoor Mild Steel Gazebo Single Seater can be tailored to match specific dimensional and functional requirements. ShriKrishnaSteelWorks is committed to delivering products on time with the highest degree of client satisfaction. Our responsive after-sales service and technical support team ensure your complete peace of mind post-purchase.","Easy installation, Anti-rust treatment, UV resistant paint, Heavy gauge MS, Weather resistant, Galvanized steel, Powder coated",28,No,Low,India,2025-07-25,Bench,Steel Furniture,25900,"residential,heavy-duty,steel,indoor"
PRD00009,Economy SS Storage Rack Bolted,Home Steel Furnitures,Cabinet,SKSW-SF-5291,ShriKrishnaSteelWorks,In Stock,Carbon Steel,PVC Coated Steel,MS C-Channel,6.0mm,Mirror Finish,MS Sheet,Chrome,High,757,,Home,Document Filing,66.5,63.2,135,56.1,537.8,52800,23,40700,407,5,86,2941,2,"Renowned for its quality craftsmanship and material excellence, the Economy SS Storage Rack Bolted by ShriKrishnaSteelWorks is a benchmark product in its category. Utilizing high-tensile Carbon Steel steel with advanced Mirror Finish treatment, this product delivers exceptional performance under varied load and environmental conditions. Engineered for reliability and long service life, it serves as an ideal solution for Home installations requiring both functionality and aesthetic value. Our manufacturing process adheres to stringent quality protocols, ensuring each unit meets dimensional tolerances and finish standards consistently. We cater to both standard and customized orders with competitive lead times. Our expert technical team provides full support from product selection to installation, ensuring a seamless experience for every client. Choose ShriKrishnaSteelWorks for a product that combines industrial strength with refined finishing.","Load bearing capacity, Long lasting, Easy maintenance, Powder coated finish, Modular design, Corrosion resistant",13,Yes,Medium,India,2025-03-15,Cabinet,Steel Furniture,40700,"residential,storage,modular,steel"
PRD00010,Commercial Stainless Steel Wall Rack Slotted,Home Steel Furnitures,Shelf,SKSW-SF-3608,ShriKrishnaSteelWorks,Made to Order,SS 316,GI Sheet,SS 304 Pipe,5.0mm,Powder Coated,Perforated Sheet,Grey,Medium,283,,Home,Storage,178.8,65.9,82.9,15.8,252.8,51000,17.8,41900,204,4.5,1103,2722,1,"Our organization is widely reputed in providing Commercial Stainless Steel Wall Rack Slotted to our esteemed customers across India. The combination of elegant design, excellent texture and immaculate finishing makes this range one of the best available in the market today. Manufactured using premium quality SS 316 stainless steel, this product ensures exceptional durability and longevity even in demanding industrial environments. The Powder Coated surface treatment not only enhances the aesthetic appeal but also provides superior protection against corrosion and daily wear. Each unit undergoes rigorous quality checks to meet the highest industry standards before dispatch. We offer full customization options including size, finish, and configuration as per client requirements. Our dedicated team ensures timely delivery and post-sales support to guarantee complete client satisfaction. Trust ShriKrishnaSteelWorks for products that combine functionality with superior craftsmanship.","Corrosion resistant, Rust proof, Customizable, Unique design, Long lasting, Modular design, Easy maintenance",30,Yes,Medium,India,2025-12-23,Shelf,Steel Furniture,41900,"residential,storage,modular,powder-coated,steel"
PRD00131,Premium SS Almirah Double Door,Home Steel Furnitures,Storage Unit,SKSW-SF-3196,ShriKrishnaSteelWorks,In Stock,SS 201,MS Sheet,SS Box Section,2.0mm,PVD Coated,Polycarbonate Panel,Grey,Low,247,,Home,Storage,133.5,117.2,205.8,114.4,186.6,31600,20.2,25200,33,3.8,904,4023,3,"Presenting the Premium SS Almirah Double Door from ShriKrishnaSteelWorks � a perfect blend of strength, style, and functionality for professional use. Made from premium SS 201 stainless steel, this product offers excellent resistance to rust, corrosion, and mechanical stress, making it ideal for long-term use in Home settings. The precision-cut components and expert welding result in a structurally sound and visually appealing unit. With a PVD Coated surface finish, the product maintains its brilliance and hygiene with minimal maintenance effort. Customization in terms of dimensions, color, and configuration is readily available for bulk orders. We are committed to providing value-for-money solutions with uncompromised quality and on-time delivery. Our clientele across hospitality, industrial, and institutional sectors trusts ShriKrishnaSteelWorks for consistent excellence.","Modular design, Space saving, Unique design, Rust proof, Anti-tip design, Easy maintenance",42,Yes,High,India,2025-04-27,Almirah,Steel Furniture,25200,"residential,storage,modular,steel"
PRD07193,Anti-Rust MS See-Saw Double Seater,Home Steel Furnitures,Swing Set,SKSW-PI-1247,ShriKrishnaSteelWorks,In Stock,SS 316,Stainless Steel,Hollow Section Steel,1.5mm,Hairline Finish,MS Sheet,Matte Black,High,504,1,Residential Complex,Children Play,279.5,199.8,391.4,158,376.2,30300,19.6,24400,86,4.3,870,742,3,"Presenting the Anti-Rust MS See-Saw Double Seater from ShriKrishnaSteelWorks � a perfect blend of strength, style, and functionality for professional use. Made from premium SS 316 stainless steel, this product offers excellent resistance to rust, corrosion, and mechanical stress, making it ideal for long-term use in Residential Complex settings. The precision-cut components and expert welding result in a structurally sound and visually appealing unit. With a Hairline Finish surface finish, the product maintains its brilliance and hygiene with minimal maintenance effort. Customization in terms of dimensions, color, and configuration is readily available for bulk orders. We are committed to providing value-for-money solutions with uncompromised quality and on-time delivery. Our clientele across hospitality, industrial, and institutional sectors trusts ShriKrishnaSteelWorks for consistent excellence.","UV resistant paint, Weather resistant, Anti-rust treatment, Smooth edges, Durable",3,No,High,India,2025-12-11,Frame,Steel Furniture,24400,"residential,weather-resistant,steel,heavy-duty"
PRD08579,Heavy Duty MS Factory Gate Double Leaf,Commercial Building Structures,Gate Frame,SKSW-CB-G001,ShriKrishnaSteelWorks,In Stock,Mild Steel,Mild Steel,MS Angle Iron,3.0mm,Powder Coated,MS Sheet,Black,High,500,,Industrial,Security,300,10,200,120,500,45000,10,40500,10,4.3,120,800,2,Heavy Duty MS Factory Gate Double Leaf for industrial security.,"Heavy-duty hinges, Powder coated, Lockable, Welded construction",14,Yes,Low,India,2025-08-01,Gate,Fabrication,40500,"industrial,security,heavy-duty,powder-coated,steel,welded"
PRD08580,Residential MS Swing Gate Single Leaf,Commercial Building Structures,Gate Frame,SKSW-CB-G002,ShriKrishnaSteelWorks,In Stock,Galvanized Steel,Mild Steel,MS Angle Iron,3.0mm,Powder Coated,MS Sheet,Grey,High,200,,Home,Entrance,120,8,180,45,200,18000,10,16200,10,4.3,120,800,2,Residential MS Swing Gate Single Leaf with smooth operation.,"Weather-resistant, Lockable, Hinged, Powder coated, Anti-rust",14,Yes,Low,India,2025-08-01,Gate,Fabrication,16200,"residential,security,weather-resistant,galvanised steel,lockable,outdoor"
PRD08581,Sliding MS Compound Gate Heavy Gauge,Commercial Building Structures,Gate Frame,SKSW-CB-G003,ShriKrishnaSteelWorks,In Stock,Mild Steel,Mild Steel,MS Angle Iron,3.0mm,Matte Finish,MS Sheet,Dark Grey,High,600,,Industrial,Compound Security,400,10,210,160,600,55000,10,49500,10,4.3,120,800,2,Sliding MS Compound Gate Heavy Gauge for large industrial premises.,"Sliding mechanism, Heavy gauge, Lockable, Heavy-duty wheels, Welded",14,Yes,Low,India,2025-08-01,Gate,Fabrication,49500,"industrial,security,heavy-duty,sliding,steel,welded"
PRD08582,Standard MS Office Locker 6 Compartment,Steel Furniture Works,Locker,SKSW-SF-L001,ShriKrishnaSteelWorks,In Stock,Mild Steel,Mild Steel,MS Angle Iron,3.0mm,Powder Coated,MS Sheet,Grey,High,200,,Office,Document Storage,90,45,180,55,200,22000,10,19800,10,4.3,120,800,2,Standard MS Office Locker 6 Compartment for organised storage.,"6 compartments, Lockable, Powder coated, Heavy gauge, Easy maintenance",14,Yes,Low,India,2025-08-01,Locker,Steel Furniture,19800,"office,storage,lockable,security,steel,powder-coated"
PRD08583,Heavy Duty GI School Locker 12 Door,Steel Furniture Works,Locker,SKSW-SF-L002,ShriKrishnaSteelWorks,In Stock,Galvanized Steel,Mild Steel,MS Angle Iron,3.0mm,Powder Coated,MS Sheet,Blue,High,300,,School,Student Storage,180,45,180,90,300,35000,10,31500,10,4.3,120,800,2,Heavy Duty GI School Locker 12 Door for student use.,"12 doors, Lockable, Galvanised steel, Heavy-duty, Powder coated",14,Yes,Low,India,2025-08-01,Locker,Steel Furniture,31500,"school,storage,lockable,heavy-duty,galvanised steel,security"
PRD08584,Industrial SS 304 Hazmat Locker Single Door,Steel Furniture Works,Locker,SKSW-SF-L003,ShriKrishnaSteelWorks,In Stock,SS 304,Mild Steel,MS Angle Iron,3.0mm,Mirror Finish,MS Sheet,Silver,High,150,,Industrial,Hazardous Material,60,50,180,40,150,28000,10,25200,10,4.3,120,800,2,Industrial SS 304 Hazmat Locker Single Door for safe storage of materials.,"Fire-resistant, Lockable, Stainless steel, Heavy-duty, Easy maintenance",14,Yes,Low,India,2025-08-01,Locker,Steel Furniture,25200,"industrial,storage,lockable,fire-resistant,stainless steel,security"
PRD08585,Modular MS Office Partition Panel Powder Coated,Commercial Building Structures,Room Divider,SKSW-CB-P001,ShriKrishnaSteelWorks,In Stock,Mild Steel,Mild Steel,MS Angle Iron,3.0mm,Powder Coated,MS Sheet,Ivory,High,100,,Office,Space Division,120,5,180,25,100,12000,10,10800,10,4.3,120,800,2,Modular MS Office Partition Panel for flexible workspace division.,"Modular, Powder coated, Lightweight, Easy assembly, Customizable",14,Yes,Low,India,2025-08-01,Partition,Fabrication,10800,"office,indoor,modular,steel,powder-coated,lightweight"
PRD08586,Industrial GI Warehouse Partition Heavy Gauge,Commercial Building Structures,Room Divider,SKSW-CB-P002,ShriKrishnaSteelWorks,In Stock,Galvanized Steel,Mild Steel,MS Angle Iron,3.0mm,Matte Finish,MS Sheet,Grey,High,300,,Warehouse,Zone Separation,240,6,240,60,300,24000,10,21600,10,4.3,120,800,2,Industrial GI Warehouse Partition Heavy Gauge for zone separation.,"Heavy-duty, Galvanised, Welded, Customizable, Load bearing",14,Yes,Low,India,2025-08-01,Partition,Fabrication,21600,"industrial,indoor,heavy-duty,galvanised steel,welded,modular"
PRD08587,Hospital SS 304 Hygienic Partition Panel,Commercial Building Structures,Room Divider,SKSW-CB-P003,ShriKrishnaSteelWorks,In Stock,SS 304,Mild Steel,MS Angle Iron,3.0mm,Mirror Finish,MS Sheet,White,High,120,,Hospital,Privacy Division,120,5,200,30,120,18000,10,16200,10,4.3,120,800,2,Hospital SS 304 Hygienic Partition Panel easy to clean and durable.,"Hygienic, Easy to clean, Modular, Stainless steel, Lightweight",14,Yes,Low,India,2025-08-01,Partition,Fabrication,16200,"hospital,indoor,modular,stainless steel,lightweight,modern"
PRD08588,Industrial GI Chain Link Fencing Heavy Duty,Commercial Building Structures,Gate Frame,SKSW-CB-F001,ShriKrishnaSteelWorks,In Stock,Galvanized Steel,Mild Steel,MS Angle Iron,3.0mm,Galvanised,MS Sheet,Silver,High,,,Industrial,Perimeter Security,500,5,180,80,,30000,10,27000,10,4.3,120,800,2,Industrial GI Chain Link Fencing Heavy Duty for perimeter security.,"Weather-resistant, Heavy-duty, Galvanised, Pre-fabricated, Customizable",14,Yes,Low,India,2025-08-01,Fencing,Fabrication,27000,"industrial,outdoor,security,heavy-duty,galvanised steel,weather-resistant"
PRD08589,Residential MS Compound Fencing Powder Coated,Commercial Building Structures,Gate Frame,SKSW-CB-F002,ShriKrishnaSteelWorks,In Stock,Mild Steel,Mild Steel,MS Angle Iron,3.0mm,Powder Coated,MS Sheet,Black,High,,,Home,Compound Boundary,300,5,150,50,,18000,10,16200,10,4.3,120,800,2,Residential MS Compound Fencing Powder Coated for home boundary.,"Powder coated, Anti-rust, Welded, Customizable, Weather-resistant",14,Yes,Low,India,2025-08-01,Fencing,Fabrication,16200,"residential,outdoor,security,weather-resistant,mild steel,welded"
PRD08590,Commercial Barbed Wire Fencing GI Heavy Gauge,Commercial Building Structures,Gate Frame,SKSW-CB-F003,ShriKrishnaSteelWorks,In Stock,Galvanized Steel,Mild Steel,MS Angle Iron,3.0mm,Galvanised,MS Sheet,Silver,High,,,Industrial,High Security,500,5,200,100,,38000,10,34200,10,4.3,120,800,2,Commercial Barbed Wire Fencing GI Heavy Gauge for high-security perimeters.,"High security, Heavy gauge, Galvanised, Weather-resistant, Pre-fabricated",14,Yes,Low,India,2025-08-01,Fencing,Fabrication,34200,"industrial,outdoor,security,heavy-duty,galvanised steel,weather-resistant"
